{
    "classes":[
        "e",
        "p"
    ],
    "features":[
        "cap-shape",
        "cap-surface",
        "cap-color",
        "bruises",
        "odor",
        "gill-attachment",
        "gill-spacing",
        "gill-size",
        "gill-color",
        "stalk-shape",
        "stalk-root",
        "stalk-surface-above-ring",
        "stalk-surface-below-ring",
        "stalk-color-above-ring",
        "stalk-color-below-ring",
        "veil-type",
        "veil-color",
        "ring-number",
        "ring-type",
        "spore-print-color",
        "population",
        "habitat"
    ],
    "class_probability":{
        "e":0.5163559620119592,
        "p":0.4836440379880408
    },
    "feature_values_probability_for_every_class":{
        "e":{
            "cap-shape":{
                "x":0.4604904632152589,
                "f":0.380449591280654,
                "b":0.09604904632152589,
                "k":0.055517711171662126,
                "s":0.007493188010899182
            },
            "cap-surface":{
                "f":0.37329700272479566,
                "y":0.35967302452316074,
                "s":0.2670299727520436
            },
            "cap-color":{
                "n":0.30313351498637603,
                "g":0.2503405994550409,
                "w":0.16689373297002724,
                "e":0.14645776566757493,
                "y":0.0923024523160763,
                "p":0.012942779291553134,
                "b":0.011580381471389645,
                "c":0.008855585831062671,
                "r":0.004087193460490463,
                "u":0.0034059945504087193
            },
            "bruises":{
                "t":0.6508855585831063,
                "f":0.34911444141689374
            },
            "odor":{
                "n":0.8160762942779292,
                "l":0.0946866485013624,
                "a":0.08923705722070845
            },
            "gill-attachment":{
                "f":0.9577656675749319,
                "a":0.04223433242506812
            },
            "gill-spacing":{
                "c":0.7098092643051771,
                "w":0.2901907356948229
            },
            "gill-size":{
                "b":0.9311989100817438,
                "n":0.06880108991825613
            },
            "gill-color":{
                "w":0.2353542234332425,
                "n":0.2159400544959128,
                "p":0.2012942779291553,
                "u":0.10660762942779292,
                "k":0.08174386920980926,
                "g":0.05483651226158038,
                "h":0.051771117166212535,
                "e":0.023841961852861037,
                "o":0.014645776566757493,
                "y":0.013964577656675749
            },
            "stalk-shape":{
                "t":0.6185286103542235,
                "e":0.3814713896457766
            },
            "stalk-root":{
                "b":0.4564032697547684,
                "e":0.21049046321525886,
                "?":0.17064032697547685,
                "c":0.11716621253405994,
                "r":0.04529972752043597
            },
            "stalk-surface-above-ring":{
                "s":0.8600136239782016,
                "f":0.10183923705722071,
                "k":0.03440054495912807,
                "y":0.003746594005449591
            },
            "stalk-surface-below-ring":{
                "s":0.8048365122615804,
                "f":0.11069482288828338,
                "y":0.04904632152588556,
                "k":0.035422343324250684
            },
            "stalk-color-above-ring":{
                "w":0.6559945504087193,
                "p":0.13998637602179836,
                "g":0.13453678474114442,
                "o":0.04223433242506812,
                "e":0.023501362397820164,
                "n":0.003746594005449591
            },
            "stalk-color-below-ring":{
                "w":0.6454359673024523,
                "p":0.13760217983651227,
                "g":0.13555858310626703,
                "o":0.04223433242506812,
                "e":0.022479564032697547,
                "n":0.016689373297002725
            },
            "veil-type":{
                "p":1.0
            },
            "veil-color":{
                "w":0.9577656675749319,
                "o":0.022138964577656677,
                "n":0.020095367847411442
            },
            "ring-number":{
                "o":0.8705722070844687,
                "t":0.12942779291553133
            },
            "ring-type":{
                "p":0.739100817438692,
                "e":0.24931880108991825,
                "f":0.011580381471389645
            },
            "spore-print-color":{
                "k":0.9989782016348774,
                "n":0.0010217983651226157
            },
            "population":{
                "v":0.27963215258855584,
                "y":0.25306539509536785,
                "s":0.20912806539509537,
                "a":0.09502724795640327,
                "n":0.09264305177111716,
                "c":0.07050408719346049
            },
            "habitat":{
                "d":0.444141689373297,
                "g":0.3358310626702997,
                "m":0.05892370572207085,
                "l":0.055177111716621256,
                "w":0.048705722070844684,
                "p":0.03440054495912807,
                "u":0.02282016348773842
            }
        },
        "p":{
            "cap-shape":{
                "x":0.44181818181818183,
                "f":0.3952727272727273,
                "k":0.1501818181818182,
                "b":0.011636363636363636,
                "c":0.001090909090909091
            },
            "cap-surface":{
                "y":0.44545454545454544,
                "s":0.36218181818181816,
                "f":0.19127272727272726,
                "g":0.001090909090909091
            },
            "cap-color":{
                "n":0.2625454545454545,
                "e":0.2250909090909091,
                "g":0.212,
                "y":0.16363636363636364,
                "w":0.08218181818181818,
                "b":0.028,
                "p":0.02327272727272727,
                "c":0.0032727272727272726
            },
            "bruises":{
                "f":0.8396363636363636,
                "t":0.16036363636363637
            },
            "odor":{
                "f":0.5436363636363636,
                "y":0.14836363636363636,
                "s":0.14545454545454545,
                "p":0.06981818181818182,
                "c":0.05090909090909091,
                "n":0.031636363636363636,
                "m":0.010181818181818183
            },
            "gill-attachment":{
                "f":0.9945454545454545,
                "a":0.005454545454545455
            },
            "gill-spacing":{
                "c":0.9709090909090909,
                "w":0.02909090909090909
            },
            "gill-size":{
                "n":0.5745454545454546,
                "b":0.4254545454545455
            },
            "gill-color":{
                "b":0.44072727272727275,
                "p":0.16327272727272726,
                "h":0.13527272727272727,
                "g":0.12581818181818183,
                "w":0.06036363636363636,
                "n":0.032363636363636365,
                "k":0.016727272727272726,
                "u":0.012727272727272728,
                "r":0.006545454545454545,
                "y":0.0061818181818181816
            },
            "stalk-shape":{
                "t":0.5105454545454545,
                "e":0.4894545454545455
            },
            "stalk-root":{
                "b":0.46836363636363637,
                "?":0.44945454545454544,
                "e":0.06981818181818182,
                "c":0.012363636363636363
            },
            "stalk-surface-above-ring":{
                "k":0.5658181818181818,
                "s":0.39636363636363636,
                "f":0.03563636363636364,